id,intent,category,locale,question,answer,title,content,escalate,requires_live_data
Q001,definition,company,ar,ما هي شركة درة المنورة للنقل؟,درة المنورة للنقل شركة سعودية متخصصة في نقل الركاب، وتقدم حلولاً تشمل نقل الحجاج والمعتمرين، والنقل السياحي، ونقل الموظفين والطلاب، والرحلات بين المدن، والنقل الدولي وفق الخدمات المتاحة، إضافة إلى حلول إدارة وتشغيل الأساطيل.,ما هي شركة درة المنورة للنقل؟,درة المنورة للنقل شركة سعودية متخصصة في نقل الركاب، وتقدم حلولاً تشمل نقل الحجاج والمعتمرين، والنقل السياحي، ونقل الموظفين والطلاب، والرحلات بين المدن، والنقل الدولي وفق الخدمات المتاحة، إضافة إلى حلول إدارة وتشغيل الأساطيل.,false,false
Q002,definition,company,ar,متى تأسست الشركة؟,تتمتع الشركة بخبرة تشغيلية تمتد لنحو 12 عاماً. وللتاريخ القانوني الدقيق للتأسيس يرجى الرجوع إلى الملف التعريفي المعتمد للشركة.,متى تأسست الشركة؟,تتمتع الشركة بخبرة تشغيلية تمتد لنحو 12 عاماً. وللتاريخ القانوني الدقيق للتأسيس يرجى الرجوع إلى الملف التعريفي المعتمد للشركة.,false,true
Q003,location,company,ar,أين يقع المقر الرئيسي؟,يقع المقر الرئيسي في مدينة جدة بالمملكة العربية السعودية. يمكنني تسجيل بياناتك ليرسل لك الفريق العنوان ورابط الموقع المعتمد.,أين يقع المقر الرئيسي؟,يقع المقر الرئيسي في مدينة جدة بالمملكة العربية السعودية. يمكنني تسجيل بياناتك ليرسل لك الفريق العنوان ورابط الموقع المعتمد.,false,false
Q004,definition,company,ar,هل درة المنورة شركة سعودية؟,نعم، درة المنورة للنقل شركة سعودية تعمل في قطاع نقل الركاب وفق الأنظمة والتراخيص المعمول بها.,هل درة المنورة شركة سعودية؟,نعم، درة المنورة للنقل شركة سعودية تعمل في قطاع نقل الركاب وفق الأنظمة والتراخيص المعمول بها.,false,false
Q005,definition,company,ar,ما الاسم الرسمي للشركة؟,الاسم المستخدم تجارياً هو شركة درة المنورة للنقل. يجب سحب الصيغة القانونية الكاملة من السجل التجاري عند استخدامها في العقود والفواتير.,ما الاسم الرسمي للشركة؟,الاسم المستخدم تجارياً هو شركة درة المنورة للنقل. يجب سحب الصيغة القانونية الكاملة من السجل التجاري عند استخدامها في العقود والفواتير.,false,true
Q006,services,company,ar,ما الخدمات التي تقدمونها؟,نقدم نقل الحجاج والمعتمرين، والنقل السياحي، ونقل موظفي الشركات والجهات الحكومية، والنقل المدرسي والجامعي، والرحلات الخاصة وبين المدن، وخدمات النقل الدولي المتاحة، إضافة إلى حلول إدارة وتشغيل الأساطيل.,ما الخدمات التي تقدمونها؟,نقدم نقل الحجاج والمعتمرين، والنقل السياحي، ونقل موظفي الشركات والجهات الحكومية، والنقل المدرسي والجامعي، والرحلات الخاصة وبين المدن، وخدمات النقل الدولي المتاحة، إضافة إلى حلول إدارة وتشغيل الأساطيل.,false,false
Q007,coverage,company,ar,ما المدن التي تغطيها خدماتكم؟,نخدم مدناً متعددة داخل المملكة، وتُحدد إمكانية التنفيذ بحسب نوع الخدمة وتاريخ الرحلة وتوفر الأسطول. اذكر مدينة الانطلاق والوجهة للتحقق من الخدمة.,ما المدن التي تغطيها خدماتكم؟,نخدم مدناً متعددة داخل المملكة، وتُحدد إمكانية التنفيذ بحسب نوع الخدمة وتاريخ الرحلة وتوفر الأسطول. اذكر مدينة الانطلاق والوجهة للتحقق من الخدمة.,false,true
Q008,advantages,company,ar,ما الذي يميز درة المنورة؟,خبرة تشغيلية، أسطول متنوع، تتبع GPS، إدارة رقمية للرحلات، صيانة ودعم ميداني، حافلات بديلة عند الحاجة، وبرامج نقل مصممة بحسب متطلبات العميل.,ما الذي يميز درة المنورة؟,خبرة تشغيلية، أسطول متنوع، تتبع GPS، إدارة رقمية للرحلات، صيانة ودعم ميداني، حافلات بديلة عند الحاجة، وبرامج نقل مصممة بحسب متطلبات العميل.,false,false
Q009,handoff,company,ar,من يدير الشركة؟,يقود الشركة فريق إداري وتشغيلي متخصص. للاستفسارات الرسمية أو طلب مقابلة الإدارة، اذكر الجهة والغرض ووسيلة التواصل وسنحول الطلب للجهة المختصة.,من يدير الشركة؟,يقود الشركة فريق إداري وتشغيلي متخصص. للاستفسارات الرسمية أو طلب مقابلة الإدارة، اذكر الجهة والغرض ووسيلة التواصل وسنحول الطلب للجهة المختصة.,false,false
Q010,services,company,ar,هل تخدمون الأفراد والشركات والجهات الحكومية؟,نعم، نقدم خدمات للأفراد والمجموعات والشركات والجهات الحكومية وفق نوع الرحلة والعقد والتوفر.,هل تخدمون الأفراد والشركات والجهات الحكومية؟,نعم، نقدم خدمات للأفراد والمجموعات والشركات والجهات الحكومية وفق نوع الرحلة والعقد والتوفر.,false,false
Q011,advantages,company,ar,هل لديكم خبرة في المواسم الكبيرة؟,نعم، لدى الشركة خبرة في التشغيل الموسمي ونقل أعداد كبيرة، خصوصاً في خدمات الحج والعمرة، مع خطط تشغيل ومتابعة وصيانة ميدانية.,هل لديكم خبرة في المواسم الكبيرة؟,نعم، لدى الشركة خبرة في التشغيل الموسمي ونقل أعداد كبيرة، خصوصاً في خدمات الحج والعمرة، مع خطط تشغيل ومتابعة وصيانة ميدانية.,false,false
Q012,fleet,company,ar,كم يبلغ حجم الأسطول؟,"تملك الشركة أسطولاً كبيراً، وقد سُجّل أكثر من 1,300 حافلة لدى النقابة العامة للسيارات في مكة. يُحدَّث هذا الرقم دورياً من الإدارة قبل نشره.",كم يبلغ حجم الأسطول؟,"تملك الشركة أسطولاً كبيراً، وقد سُجّل أكثر من 1,300 حافلة لدى النقابة العامة للسيارات في مكة. يُحدَّث هذا الرقم دورياً من الإدارة قبل نشره.",false,true
Q013,hajj_umrah,hajj,ar,هل توفرون نقل الحجاج والمعتمرين؟,نعم، نقدم برامج نقل متكاملة للحجاج والمعتمرين بين المطارات والفنادق ومكة المكرمة والمدينة المنورة والمشاعر المقدسة وفق التصاريح والخطة التشغيلية.,هل توفرون نقل الحجاج والمعتمرين؟,نعم، نقدم برامج نقل متكاملة للحجاج والمعتمرين بين المطارات والفنادق ومكة المكرمة والمدينة المنورة والمشاعر المقدسة وفق التصاريح والخطة التشغيلية.,false,false
Q014,hajj_umrah,hajj,ar,كيف تعمل خدمة نقل الحجاج والمعتمرين؟,بالنسبة للحج، تتفاوض شركة النقل مع البعثة المسؤولة عن حجاج كل دولة على الأسعار والخدمات والخطة التشغيلية. وبعد التوافق يُوقَّع العقد ويُسجَّل في المسار الإلكتروني، ويتم السداد من خلال المسار الإلكتروني وليس مباشرة إلى شركة النقل. أما خدمات العمرة فتُرتَّب وفق البرنامج والعقد المعتمد للجهة المنظمة.,كيف تعمل خدمة نقل الحجاج والمعتمرين؟,بالنسبة للحج، تتفاوض شركة النقل مع البعثة المسؤولة عن حجاج كل دولة على الأسعار والخدمات والخطة التشغيلية. وبعد التوافق يُوقَّع العقد ويُسجَّل في المسار الإلكتروني، ويتم السداد من خلال المسار الإلكتروني وليس مباشرة إلى شركة النقل. أما خدمات العمرة فتُرتَّب وفق البرنامج والعقد المعتمد للجهة المنظمة.,false,false
Q015,hajj_umrah,hajj,ar,هل توفرون حافلات خاصة لبعثات الحج والعمرة؟,نعم، يمكن تخصيص حافلات وبرنامج تشغيل كامل للبعثات والحملات وشركات العمرة بحسب العدد والمدة والمسارات.,هل توفرون حافلات خاصة لبعثات الحج والعمرة؟,نعم، يمكن تخصيص حافلات وبرنامج تشغيل كامل للبعثات والحملات وشركات العمرة بحسب العدد والمدة والمسارات.,false,false
Q016,partnerships,hajj,ar,هل تتعاونون مع بعثات الحج الدولية؟,نعم، نرحب بالتعاون مع بعثات الحج والعمرة الدولية وشركات تنظيم الرحلات، ويحوّل البوت الطلب إلى فريق العقود بعد جمع بيانات الجهة والبرنامج.,هل تتعاونون مع بعثات الحج الدولية؟,نعم، نرحب بالتعاون مع بعثات الحج والعمرة الدولية وشركات تنظيم الرحلات، ويحوّل البوت الطلب إلى فريق العقود بعد جمع بيانات الجهة والبرنامج.,false,false
Q017,airports,hajj,ar,هل توفرون النقل بين المطارات والفنادق؟,نعم، تتوفر خدمات الاستقبال والنقل بين المطارات والفنادق والمدن المقدسة حسب جدول الوصول وتوفر التصاريح والحافلات.,هل توفرون النقل بين المطارات والفنادق؟,نعم، تتوفر خدمات الاستقبال والنقل بين المطارات والفنادق والمدن المقدسة حسب جدول الوصول وتوفر التصاريح والحافلات.,false,false
Q018,intercity,hajj,ar,هل توفرون النقل بين مكة والمدينة؟,نعم، تتوفر رحلات خاصة للمجموعات بين مكة المكرمة والمدينة المنورة وفق الحجز المسبق.,هل توفرون النقل بين مكة والمدينة؟,نعم، تتوفر رحلات خاصة للمجموعات بين مكة المكرمة والمدينة المنورة وفق الحجز المسبق.,false,false
Q019,holy_sites,hajj,ar,هل توفرون النقل إلى المشاعر المقدسة؟,نعم، ضمن العقود والخطط المعتمدة لموسم الحج والتصاريح التنظيمية.,هل توفرون النقل إلى المشاعر المقدسة؟,نعم، ضمن العقود والخطط المعتمدة لموسم الحج والتصاريح التنظيمية.,false,false
Q020,holy_sites,hajj,ar,ما المواقع التي تخدمونها في الحج؟,تشمل الخدمة — وفق العقد والتصاريح — المطارات، مكة، المدينة، ومشاعر منى وعرفات ومزدلفة ونقاط التجمع والسكن المعتمدة.,ما المواقع التي تخدمونها في الحج؟,تشمل الخدمة — وفق العقد والتصاريح — المطارات، مكة، المدينة، ومشاعر منى وعرفات ومزدلفة ونقاط التجمع والسكن المعتمدة.,false,false
Q021,local,hajj,ar,هل تقدمون النقل داخل مكة والمدينة خارج موسم الحج؟,نعم، حسب توفر الخدمة والحافلات والاشتراطات التنظيمية وقت الطلب.,هل تقدمون النقل داخل مكة والمدينة خارج موسم الحج؟,نعم، حسب توفر الخدمة والحافلات والاشتراطات التنظيمية وقت الطلب.,false,true
Q022,customization,hajj,ar,هل يمكن تخصيص البرنامج وفق جدول البعثة؟,نعم، نصمم الخطة التشغيلية وفق مواعيد الوصول والمغادرة والسكن والزيارات والتنقلات، بعد مراجعة قابلية التنفيذ والتصاريح.,هل يمكن تخصيص البرنامج وفق جدول البعثة؟,نعم، نصمم الخطة التشغيلية وفق مواعيد الوصول والمغادرة والسكن والزيارات والتنقلات، بعد مراجعة قابلية التنفيذ والتصاريح.,false,false
Q023,booking,hajj,ar,هل يمكن حجز حافلة كاملة لمجموعة؟,يمكن ذلك للمجموعات وخدمات العمرة وفق التوفر والعقد. أما نقل الحجاج خلال موسم الحج فلا يتم التعاقد عليه مباشرة بين الحاج أو العميل وشركة النقل، بل يتم عن طريق البعثة المسؤولة ويُسجَّل العقد في المسار الإلكتروني.,هل يمكن حجز حافلة كاملة لمجموعة؟,يمكن ذلك للمجموعات وخدمات العمرة وفق التوفر والعقد. أما نقل الحجاج خلال موسم الحج فلا يتم التعاقد عليه مباشرة بين الحاج أو العميل وشركة النقل، بل يتم عن طريق البعثة المسؤولة ويُسجَّل العقد في المسار الإلكتروني.,false,false
Q024,accessibility,hajj,ar,هل الحافلات مجهزة لذوي الإعاقة؟,تتوفر تجهيزات وخيارات بحسب نوع الحافلة والتوفر. اذكر نوع المساعدة المطلوبة وموعد الرحلة لنرشح المركبة المناسبة دون افتراض ملاءمة كل الحافلات.,هل الحافلات مجهزة لذوي الإعاقة؟,تتوفر تجهيزات وخيارات بحسب نوع الحافلة والتوفر. اذكر نوع المساعدة المطلوبة وموعد الرحلة لنرشح المركبة المناسبة دون افتراض ملاءمة كل الحافلات.,false,true
Q025,operations,hajj,ar,هل توفرون مشرفين أو منسقين؟,يمكن توفير إشراف وتنسيق ميداني بحسب حجم البرنامج ونطاق العقد.,هل توفرون مشرفين أو منسقين؟,يمكن توفير إشراف وتنسيق ميداني بحسب حجم البرنامج ونطاق العقد.,false,false
Q026,lead,hajj,ar,كيف تتواصل بعثة حج لطلب الخدمة؟,تزودنا البعثة باسم الدولة وبيانات المسؤول وعدد الحجاج والبرنامج والمسارات والخدمات المطلوبة. بعد ذلك يتم التفاوض على الأسعار والخدمات، ثم يُوقَّع العقد ويُسجَّل في المسار الإلكتروني.,كيف تتواصل بعثة حج لطلب الخدمة؟,تزودنا البعثة باسم الدولة وبيانات المسؤول وعدد الحجاج والبرنامج والمسارات والخدمات المطلوبة. بعد ذلك يتم التفاوض على الأسعار والخدمات، ثم يُوقَّع العقد ويُسجَّل في المسار الإلكتروني.,false,false
Q027,hajj_contracting,hajj,ar,كيف يتم التعاقد على نقل الحجاج؟,يتم التعاقد على نقل الحجاج عن طريق المسار الإلكتروني، وليس بعقد مباشر بين الحاج أو العميل وشركة النقل. تتفاوض شركة النقل مع البعثة المسؤولة عن حجاج الدولة، وبعد الاتفاق يُوقَّع العقد ويُسجَّل في المسار الإلكتروني.,كيف يتم التعاقد على نقل الحجاج؟,يتم التعاقد على نقل الحجاج عن طريق المسار الإلكتروني، وليس بعقد مباشر بين الحاج أو العميل وشركة النقل. تتفاوض شركة النقل مع البعثة المسؤولة عن حجاج الدولة، وبعد الاتفاق يُوقَّع العقد ويُسجَّل في المسار الإلكتروني.,false,false
Q028,hajj_pricing,hajj,ar,كيف يتم تحديد أسعار نقل الحجاج؟,يتم التفاوض على أسعار وخدمات نقل الحجاج بين شركة النقل والبعثة المسؤولة عن حجاج كل دولة. وبعد التوافق على الأسعار والخدمات يتم توقيع العقد وتسجيله في المسار الإلكتروني.,كيف يتم تحديد أسعار نقل الحجاج؟,يتم التفاوض على أسعار وخدمات نقل الحجاج بين شركة النقل والبعثة المسؤولة عن حجاج كل دولة. وبعد التوافق على الأسعار والخدمات يتم توقيع العقد وتسجيله في المسار الإلكتروني.,false,false
Q029,hajj_payment,hajj,ar,كيف يتم دفع قيمة نقل الحجاج؟,يتم سداد قيمة عقد نقل الحجاج عن طريق المسار الإلكتروني وفق الإجراءات المعتمدة، ولا يتم الدفع مباشرة إلى شركة النقل.,كيف يتم دفع قيمة نقل الحجاج؟,يتم سداد قيمة عقد نقل الحجاج عن طريق المسار الإلكتروني وفق الإجراءات المعتمدة، ولا يتم الدفع مباشرة إلى شركة النقل.,false,false
Q030,munawwara_care,hajj,ar,ما هي خدمة منورة كير؟,منورة كير خدمة داعمة لضيوف الرحمن، تتضمن الإرشاد والمعلومات الصحية وطلب المساعدة ومشاركة الموقع وحفظ بيانات الفندق والغرفة بحسب نطاق البرنامج المتعاقد عليه.,ما هي خدمة منورة كير؟,منورة كير خدمة داعمة لضيوف الرحمن، تتضمن الإرشاد والمعلومات الصحية وطلب المساعدة ومشاركة الموقع وحفظ بيانات الفندق والغرفة بحسب نطاق البرنامج المتعاقد عليه.,false,false
Q031,special_solutions,hajj,ar,هل توجد حافلات للصلاة أو خدمات تشغيلية خاصة؟,يمكن توفير حلول تشغيلية مخصصة، ومنها حافلات مهيأة للاستخدامات الخاصة، وفق التوفر والتصاريح ونطاق العقد.,هل توجد حافلات للصلاة أو خدمات تشغيلية خاصة؟,يمكن توفير حلول تشغيلية مخصصة، ومنها حافلات مهيأة للاستخدامات الخاصة، وفق التوفر والتصاريح ونطاق العقد.,false,true
Q032,international,international,ar,هل هناك رحلات دولية؟,نقدم حالياً خدمات النقل الدولي إلى جمهورية اليمن، إلى كل من مأرب والمكلا وعدن.,هل هناك رحلات دولية؟,نقدم حالياً خدمات النقل الدولي إلى جمهورية اليمن، إلى كل من مأرب والمكلا وعدن.,false,false
Q033,corporate,corporate,ar,هل تقدمون نقل الموظفين والعمال؟,نعم، بعقود يومية أو شهرية أو سنوية ومسارات وورديات مصممة حسب مواقع العمل والسكن.,هل تقدمون نقل الموظفين والعمال؟,نعم، بعقود يومية أو شهرية أو سنوية ومسارات وورديات مصممة حسب مواقع العمل والسكن.,false,false
Q034,corporate,corporate,ar,ما القطاعات التي تخدمونها؟,يمكن خدمة المصانع والمستشفيات والفنادق والمجمعات التجارية والمقاولين والجهات الحكومية والتعليمية وغيرها.,ما القطاعات التي تخدمونها؟,يمكن خدمة المصانع والمستشفيات والفنادق والمجمعات التجارية والمقاولين والجهات الحكومية والتعليمية وغيرها.,false,false
Q035,contracts,corporate,ar,هل توفرون عقوداً طويلة الأجل؟,نعم، ويمكن أن تشمل الحافلات والسائقين والصيانة والتشغيل والتقارير والحافلة البديلة وفق العقد.,هل توفرون عقوداً طويلة الأجل؟,نعم، ويمكن أن تشمل الحافلات والسائقين والصيانة والتشغيل والتقارير والحافلة البديلة وفق العقد.,false,false
Q036,lead,corporate,ar,كيف تطلب الشركة خدمة نقل الموظفين؟,نحتاج اسم الجهة ومواقع السكن والعمل وعدد الموظفين والورديات وأيام التشغيل والمدة المطلوبة وبيانات مسؤول التواصل.,كيف تطلب الشركة خدمة نقل الموظفين؟,نحتاج اسم الجهة ومواقع السكن والعمل وعدد الموظفين والورديات وأيام التشغيل والمدة المطلوبة وبيانات مسؤول التواصل.,false,false
Q037,planning,corporate,ar,كيف تصممون المسارات؟,نحلل نقاط تجمع الموظفين ومواعيد الورديات والطاقة الاستيعابية والزمن، ثم نقترح مسارات ونقاط توقف قابلة للتشغيل.,كيف تصممون المسارات؟,نحلل نقاط تجمع الموظفين ومواعيد الورديات والطاقة الاستيعابية والزمن، ثم نقترح مسارات ونقاط توقف قابلة للتشغيل.,false,false
Q038,customization,corporate,ar,هل يمكن تخصيص المواعيد والمسارات؟,نعم، بعد دراسة الحركة والمدة وعدد الحافلات والقيود التشغيلية.,هل يمكن تخصيص المواعيد والمسارات؟,نعم، بعد دراسة الحركة والمدة وعدد الحافلات والقيود التشغيلية.,false,false
Q039,shifts,corporate,ar,هل تخدمون الورديات الليلية؟,نعم، حسب العقد وخطة التشغيل وتوفر الحافلات والسائقين.,هل تخدمون الورديات الليلية؟,نعم، حسب العقد وخطة التشغيل وتوفر الحافلات والسائقين.,false,false
Q040,operations,corporate,ar,هل يمكن التشغيل 24 ساعة؟,يمكن تصميم تشغيل على مدار الساعة عبر ورديات منظمة وفق نطاق العقد.,هل يمكن التشغيل 24 ساعة؟,يمكن تصميم تشغيل على مدار الساعة عبر ورديات منظمة وفق نطاق العقد.,false,false
Q041,coverage,corporate,ar,هل تغطون المدن الصناعية؟,تتحدد التغطية حسب المدينة ومواقع التجمع والعمل. أرسل المواقع وعدد الركاب لدراسة المسار.,هل تغطون المدن الصناعية؟,تتحدد التغطية حسب المدينة ومواقع التجمع والعمل. أرسل المواقع وعدد الركاب لدراسة المسار.,false,true
Q042,corporate,corporate,ar,هل تنقلون الموظفين من وإلى السكن؟,نعم، ويمكن اعتماد نقاط تجمع أو خدمة مسارات مباشرة وفق الخطة المتفق عليها.,هل تنقلون الموظفين من وإلى السكن؟,نعم، ويمكن اعتماد نقاط تجمع أو خدمة مسارات مباشرة وفق الخطة المتفق عليها.,false,false
Q043,contract_change,corporate,ar,هل يمكن تعديل المسارات لاحقاً؟,نعم، بعد تقييم الأثر على الزمن والتكلفة وعدد الحافلات واعتماد التعديل بين الطرفين.,هل يمكن تعديل المسارات لاحقاً؟,نعم، بعد تقييم الأثر على الزمن والتكلفة وعدد الحافلات واعتماد التعديل بين الطرفين.,false,false
Q044,reports,corporate,ar,هل تقدمون تقارير تشغيل؟,يمكن توفير تقارير عن الرحلات والالتزام والمسارات والحافلات ومؤشرات الأداء وفق العقد والنظام المتاح.,هل تقدمون تقارير تشغيل؟,يمكن توفير تقارير عن الرحلات والالتزام والمسارات والحافلات ومؤشرات الأداء وفق العقد والنظام المتاح.,false,false
Q045,emergency,corporate,ar,هل توجد حافلة بديلة عند العطل؟,تعمل الشركة على توفير الدعم والصيانة والحافلة البديلة بحسب الحالة ونطاق الخدمة لضمان استمرارية التشغيل.,هل توجد حافلة بديلة عند العطل؟,تعمل الشركة على توفير الدعم والصيانة والحافلة البديلة بحسب الحالة ونطاق الخدمة لضمان استمرارية التشغيل.,false,false
Q046,sales,corporate,ar,هل يمكن تجربة الخدمة قبل العقد السنوي؟,يمكن دراسة تشغيل تجريبي أو عقد قصير وفق حجم المشروع والتوفر وموافقة الإدارة التجارية.,هل يمكن تجربة الخدمة قبل العقد السنوي؟,يمكن دراسة تشغيل تجريبي أو عقد قصير وفق حجم المشروع والتوفر وموافقة الإدارة التجارية.,false,false
Q047,education,education,ar,هل تقدمون نقل الطلاب؟,نعم، تقدم الشركة حلول نقل مدرسي وجامعي للجهات التعليمية وفق الاشتراطات والعقود المعتمدة.,هل تقدمون نقل الطلاب؟,نعم، تقدم الشركة حلول نقل مدرسي وجامعي للجهات التعليمية وفق الاشتراطات والعقود المعتمدة.,false,false
Q048,education,education,ar,هل تتعاقدون مع المدارس والجامعات؟,نعم، ويمكن إعداد عرض يشمل المسارات والحافلات والسائقين والمشرفين والتتبع والتقارير بحسب الحاجة.,هل تتعاقدون مع المدارس والجامعات؟,نعم، ويمكن إعداد عرض يشمل المسارات والحافلات والسائقين والمشرفين والتتبع والتقارير بحسب الحاجة.,false,false
Q049,planning,education,ar,كيف يتم إعداد مسارات الطلاب؟,نجمع الأحياء ونقاط التجمع وأوقات الدراسة وأعداد الطلاب، ثم نراجع زمن الرحلة والطاقة الاستيعابية والسلامة.,كيف يتم إعداد مسارات الطلاب؟,نجمع الأحياء ونقاط التجمع وأوقات الدراسة وأعداد الطلاب، ثم نراجع زمن الرحلة والطاقة الاستيعابية والسلامة.,false,false
Q050,tracking,education,ar,هل يستطيع ولي الأمر تتبع الحافلة؟,يمكن توفير التتبع والإشعارات وفق النظام ونطاق العقد المبرم مع الجهة التعليمية.,هل يستطيع ولي الأمر تتبع الحافلة؟,يمكن توفير التتبع والإشعارات وفق النظام ونطاق العقد المبرم مع الجهة التعليمية.,false,true
Q051,supervision,education,ar,هل توفرون مشرفات أو مشرفين؟,يمكن تضمين الإشراف ضمن العرض بحسب الفئة العمرية ومتطلبات الجهة والأنظمة.,هل توفرون مشرفات أو مشرفين؟,يمكن تضمين الإشراف ضمن العرض بحسب الفئة العمرية ومتطلبات الجهة والأنظمة.,false,false
Q052,fleet,education,ar,ما الحافلات المستخدمة للنقل المدرسي؟,تتوفر حافلات بسعات مختلفة، ومنها حافلات نحو 30 مقعداً، ويُختار النوع وفق العدد والاشتراطات والمسار.,ما الحافلات المستخدمة للنقل المدرسي؟,تتوفر حافلات بسعات مختلفة، ومنها حافلات نحو 30 مقعداً، ويُختار النوع وفق العدد والاشتراطات والمسار.,false,false
Q053,lead,education,ar,كيف أطلب عرضاً لمدرسة أو جامعة؟,أرسل اسم الجهة والمدينة وعدد الطلاب والأحياء وأوقات الحضور والانصراف ومدة العقد وبيانات المسؤول.,كيف أطلب عرضاً لمدرسة أو جامعة؟,أرسل اسم الجهة والمدينة وعدد الطلاب والأحياء وأوقات الحضور والانصراف ومدة العقد وبيانات المسؤول.,false,false
Q054,tourism,tourism,ar,هل تقدمون نقل المجموعات السياحية؟,نعم، نوفر حافلات للمجموعات والبرامج السياحية والزيارات وفق الجدول والوجهات.,هل تقدمون نقل المجموعات السياحية؟,نعم، نوفر حافلات للمجموعات والبرامج السياحية والزيارات وفق الجدول والوجهات.,false,false
Q055,events,tourism,ar,هل توفرون حافلات للمؤتمرات والفعاليات؟,نعم، ويمكن إعداد خطة استقبال وتوزيع وحافلات احتياط ومشرفين بحسب حجم الفعالية.,هل توفرون حافلات للمؤتمرات والفعاليات؟,نعم، ويمكن إعداد خطة استقبال وتوزيع وحافلات احتياط ومشرفين بحسب حجم الفعالية.,false,false
Q056,booking,tourism,ar,هل يمكن حجز حافلة لحفل أو مناسبة؟,نعم. أرسل التاريخ والمدينة وعدد الضيوف ونقاط التجمع والوجهة والمدة.,هل يمكن حجز حافلة لحفل أو مناسبة؟,نعم. أرسل التاريخ والمدينة وعدد الضيوف ونقاط التجمع والوجهة والمدة.,false,false
Q057,vip,tourism,ar,هل توفرون نقل المطار لكبار الشخصيات؟,تتوفر خيارات VIP للمجموعات والوفود حسب السعة والتوفر، مع تنسيق الاستقبال والبرنامج.,هل توفرون نقل المطار لكبار الشخصيات؟,تتوفر خيارات VIP للمجموعات والوفود حسب السعة والتوفر، مع تنسيق الاستقبال والبرنامج.,false,false
Q058,customization,tourism,ar,هل يمكن وضع هوية الجهة على الحافلات؟,يمكن دراسة وضع الهوية أو اللوحات المؤقتة وفق العقد والأنظمة والموافقة المسبقة.,هل يمكن وضع هوية الجهة على الحافلات؟,يمكن دراسة وضع الهوية أو اللوحات المؤقتة وفق العقد والأنظمة والموافقة المسبقة.,false,false
Q059,fleet,tourism,ar,هل يمكن توفير عدة حافلات في وقت واحد؟,نعم، حسب حجم الطلب والتاريخ وموقع التشغيل، ويُفضَّل الحجز المبكر للفعاليات والمواسم.,هل يمكن توفير عدة حافلات في وقت واحد؟,نعم، حسب حجم الطلب والتاريخ وموقع التشغيل، ويُفضَّل الحجز المبكر للفعاليات والمواسم.,false,false
Q060,fleet,fleet,ar,ما هي أنواع الباصات الموجودة لديكم؟,لدينا باصات بأحجام وسعات مختلفة: باصات بسعة 49 راكباً، وباصات VIP بسعة 32، وباصات بسعة 19 راكباً، وسيتي باص بسعة 45 راكباً، وباصات لنقل الموظفين بسعة 60 وبسعة 48 راكباً.,ما هي أنواع الباصات الموجودة لديكم؟,لدينا باصات بأحجام وسعات مختلفة: باصات بسعة 49 راكباً، وباصات VIP بسعة 32، وباصات بسعة 19 راكباً، وسيتي باص بسعة 45 راكباً، وباصات لنقل الموظفين بسعة 60 وبسعة 48 راكباً.,false,false
Q061,fleet,fleet,ar,ما طرازات الحافلات؟,توجد طرازات متعددة لخدمات المدن والرحلات الطويلة وVIP. تُعرض الطرازات المتاحة عند تحديد التاريخ والعدد والخدمة.,ما طرازات الحافلات؟,توجد طرازات متعددة لخدمات المدن والرحلات الطويلة وVIP. تُعرض الطرازات المتاحة عند تحديد التاريخ والعدد والخدمة.,false,true
Q062,specs,fleet,ar,هل جميع الحافلات مكيفة؟,تُخصَّص للخدمة حافلات مكيفة ومناسبة لطبيعة الرحلة. يجب التحقق من المواصفات الفعلية للحافلة قبل اعتماد العرض.,هل جميع الحافلات مكيفة؟,تُخصَّص للخدمة حافلات مكيفة ومناسبة لطبيعة الرحلة. يجب التحقق من المواصفات الفعلية للحافلة قبل اعتماد العرض.,false,true
Q063,specs,fleet,ar,هل الحافلات مجهزة للرحلات الطويلة؟,نعم، تتوفر حافلات رحلات بين المدن بمقاعد ومساحات أمتعة وتجهيزات مناسبة، وتختلف المزايا حسب الفئة.,هل الحافلات مجهزة للرحلات الطويلة؟,نعم، تتوفر حافلات رحلات بين المدن بمقاعد ومساحات أمتعة وتجهيزات مناسبة، وتختلف المزايا حسب الفئة.,false,false
Q064,fleet,fleet,ar,هل تتوفر أحجام مختلفة؟,نعم، ونرشح السعة المناسبة وفق عدد الركاب والأمتعة ونوع الرحلة والميزانية.,هل تتوفر أحجام مختلفة؟,نعم، ونرشح السعة المناسبة وفق عدد الركاب والأمتعة ونوع الرحلة والميزانية.,false,false
Q065,vip,fleet,ar,هل توجد حافلات VIP؟,نعم، تتوفر حافلات VIP بسعات مختلفة، وبعضها مزود بمقاعد مريحة وخصائص فاخرة. المواصفات تخضع للطراز المتاح.,هل توجد حافلات VIP؟,نعم، تتوفر حافلات VIP بسعات مختلفة، وبعضها مزود بمقاعد مريحة وخصائص فاخرة. المواصفات تخضع للطراز المتاح.,false,true
Q066,accessibility,fleet,ar,هل توجد حافلات مجهزة لذوي الإعاقة؟,يرجى تحديد التجهيز المطلوب، مثل مصعد الكرسي المتحرك أو مساحة تثبيت، ليتحقق الفريق من المركبة المتاحة.,هل توجد حافلات مجهزة لذوي الإعاقة؟,يرجى تحديد التجهيز المطلوب، مثل مصعد الكرسي المتحرك أو مساحة تثبيت، ليتحقق الفريق من المركبة المتاحة.,false,true
Q067,maintenance,fleet,ar,هل تخضع الحافلات للصيانة؟,نعم، توجد برامج فحص وصيانة دورية ودعم ميداني وورش متنقلة وفق خطة التشغيل.,هل تخضع الحافلات للصيانة؟,نعم، توجد برامج فحص وصيانة دورية ودعم ميداني وورش متنقلة وفق خطة التشغيل.,false,false
Q068,specs,fleet,ar,ما سنوات موديلات الحافلات؟,يضم الأسطول موديلات متعددة. يجب ربط الإجابة ببيانات الأسطول الحالية وعدم ضمان سنة موديل محددة إلا في عرض السعر أو العقد.,ما سنوات موديلات الحافلات؟,يضم الأسطول موديلات متعددة. يجب ربط الإجابة ببيانات الأسطول الحالية وعدم ضمان سنة موديل محددة إلا في عرض السعر أو العقد.,false,true
Q069,specs,fleet,ar,هل توجد منافذ شحن أو واي فاي؟,تختلف التجهيزات حسب فئة وطراز الحافلة. اطلب الميزة عند الحجز ليتحقق الفريق من توفرها.,هل توجد منافذ شحن أو واي فاي؟,تختلف التجهيزات حسب فئة وطراز الحافلة. اطلب الميزة عند الحجز ليتحقق الفريق من توفرها.,false,true
Q070,specs,fleet,ar,هل توجد دورة مياه بالحافلة؟,ليست متاحة في جميع الحافلات؛ يعتمد ذلك على الطراز المخصص للرحلة ويجب تأكيدها قبل الحجز.,هل توجد دورة مياه بالحافلة؟,ليست متاحة في جميع الحافلات؛ يعتمد ذلك على الطراز المخصص للرحلة ويجب تأكيدها قبل الحجز.,false,true
Q071,technology,technology,ar,هل يوجد تتبع GPS؟,نعم، تعتمد الشركة أنظمة تتبع وإدارة أسطول لمراقبة حركة الحافلات والرحلات.,هل يوجد تتبع GPS؟,نعم، تعتمد الشركة أنظمة تتبع وإدارة أسطول لمراقبة حركة الحافلات والرحلات.,false,false
Q072,tracking,technology,ar,هل يعرف العميل موقع الحافلة مباشرة؟,يمكن توفير متابعة مباشرة أو رابط تتبع وفق نوع الخدمة والعقد وصلاحيات المستخدم.,هل يعرف العميل موقع الحافلة مباشرة؟,يمكن توفير متابعة مباشرة أو رابط تتبع وفق نوع الخدمة والعقد وصلاحيات المستخدم.,false,true
Q073,tracking,technology,ar,هل تستطيع الشركات متابعة رحلات موظفيها؟,نعم، يمكن توفير لوحة أو تقارير متابعة بحسب الحل المتفق عليه.,هل تستطيع الشركات متابعة رحلات موظفيها؟,نعم، يمكن توفير لوحة أو تقارير متابعة بحسب الحل المتفق عليه.,false,false
Q074,technology,technology,ar,ما نظام إدارة الأسطول؟,تعتمد الشركة منظومة رقمية لإدارة الحركة تشمل تسجيل خروج الحافلة، التتبع، متابعة المسار والتوقف، التنبيهات، وربط البلاغات بالصيانة.,ما نظام إدارة الأسطول؟,تعتمد الشركة منظومة رقمية لإدارة الحركة تشمل تسجيل خروج الحافلة، التتبع، متابعة المسار والتوقف، التنبيهات، وربط البلاغات بالصيانة.,false,false
Q075,technology,technology,ar,ما الذي تتابعه منصة العمليات؟,موقع الحافلة وحالة الرحلة والانطلاق والوصول والتوقفات والبلاغات ومؤشرات السائق والحافلة بحسب الصلاحيات.,ما الذي تتابعه منصة العمليات؟,موقع الحافلة وحالة الرحلة والانطلاق والوصول والتوقفات والبلاغات ومؤشرات السائق والحافلة بحسب الصلاحيات.,false,false
Q076,reports,technology,ar,هل توفرون تقارير رقمية؟,نعم، يمكن إنتاج تقارير عن الرحلات والحافلات والسائقين والالتزام والأداء حسب النظام والعقد.,هل توفرون تقارير رقمية؟,نعم، يمكن إنتاج تقارير عن الرحلات والحافلات والسائقين والالتزام والأداء حسب النظام والعقد.,false,false
Q077,feedback,technology,ar,هل يمكن للعميل تقييم الرحلة؟,يمكن إتاحة التقييم والملاحظات بعد الرحلة ضمن القنوات الرقمية المستخدمة.,هل يمكن للعميل تقييم الرحلة؟,يمكن إتاحة التقييم والملاحظات بعد الرحلة ضمن القنوات الرقمية المستخدمة.,false,false
Q078,maintenance,technology,ar,هل تصل بلاغات الأعطال للصيانة؟,نعم، صُمِّمت إجراءات التشغيل لتحويل البلاغ إلى الصيانة وتوجيه الدعم أو الورشة المتنقلة بحسب الحالة.,هل تصل بلاغات الأعطال للصيانة؟,نعم، صُمِّمت إجراءات التشغيل لتحويل البلاغ إلى الصيانة وتوجيه الدعم أو الورشة المتنقلة بحسب الحالة.,false,false
Q079,integration,technology,ar,هل تتكاملون مع أنظمة الشركات؟,يمكن دراسة التكامل مع أنظمة العميل أو تبادل التقارير والبيانات وفق نطاق المشروع ومتطلبات الأمن والخصوصية.,هل تتكاملون مع أنظمة الشركات؟,يمكن دراسة التكامل مع أنظمة العميل أو تبادل التقارير والبيانات وفق نطاق المشروع ومتطلبات الأمن والخصوصية.,false,false
Q080,booking,booking,ar,كيف أحجز خدمة نقل؟,للخدمات العامة، أرسل نوع الخدمة وعدد الركاب ومدينة وموقع الانطلاق والوجهة والتاريخ والوقت وبيانات التواصل. أما نقل الحجاج خلال موسم الحج، فيتم التعاقد عن طريق البعثة المسؤولة وتسجيل العقد في المسار الإلكتروني.,كيف أحجز خدمة نقل؟,للخدمات العامة، أرسل نوع الخدمة وعدد الركاب ومدينة وموقع الانطلاق والوجهة والتاريخ والوقت وبيانات التواصل. أما نقل الحجاج خلال موسم الحج، فيتم التعاقد عن طريق البعثة المسؤولة وتسجيل العقد في المسار الإلكتروني.,false,false
Q081,booking,booking,ar,هل يمكن الحجز إلكترونياً؟,يمكن استقبال الطلب إلكترونياً، ويصبح الحجز مؤكداً فقط بعد اعتماد العرض واستكمال المتطلبات والدفع أو أمر التعميد حسب نوع العميل.,هل يمكن الحجز إلكترونياً؟,يمكن استقبال الطلب إلكترونياً، ويصبح الحجز مؤكداً فقط بعد اعتماد العرض واستكمال المتطلبات والدفع أو أمر التعميد حسب نوع العميل.,false,false
Q082,lead,booking,ar,ما البيانات المطلوبة لعرض السعر؟,الاسم والجهة ورقم التواصل، عدد الركاب والحافلات، الانطلاق والوجهة، التواريخ والأوقات، مدة الخدمة، نوع الحافلة، والأمتعة أو المتطلبات الخاصة.,ما البيانات المطلوبة لعرض السعر؟,الاسم والجهة ورقم التواصل، عدد الركاب والحافلات، الانطلاق والوجهة، التواريخ والأوقات، مدة الخدمة، نوع الحافلة، والأمتعة أو المتطلبات الخاصة.,false,false
Q083,sla,booking,ar,كم يستغرق إعداد عرض السعر؟,يعتمد على تعقيد الطلب وتوفر البيانات. يُعرض زمن الاستجابة المعتمد من فريق المبيعات في البوت بعد ربطه بنظام الطلبات.,كم يستغرق إعداد عرض السعر؟,يعتمد على تعقيد الطلب وتوفر البيانات. يُعرض زمن الاستجابة المعتمد من فريق المبيعات في البوت بعد ربطه بنظام الطلبات.,false,true
Q084,pricing,booking,ar,كيف يتحدد السعر؟,في الخدمات العامة يتحدد السعر حسب المسافة والمدة وعدد الحافلات ونوعها والموسم والتصاريح والخدمات الإضافية. أما أسعار نقل الحجاج، فيتم التفاوض عليها بين شركة النقل والبعثة المسؤولة، ثم يُسجَّل العقد المتفق عليه في المسار الإلكتروني.,كيف يتحدد السعر؟,في الخدمات العامة يتحدد السعر حسب المسافة والمدة وعدد الحافلات ونوعها والموسم والتصاريح والخدمات الإضافية. أما أسعار نقل الحجاج، فيتم التفاوض عليها بين شركة النقل والبعثة المسؤولة، ثم يُسجَّل العقد المتفق عليه في المسار الإلكتروني.,false,true
Q085,pricing,booking,ar,هل تختلف الأسعار في المواسم؟,نعم، قد تتغير بحسب الطلب والتوفر والموسم والتكاليف التشغيلية. السعر النهائي هو المعتمد في العرض.,هل تختلف الأسعار في المواسم؟,نعم، قد تتغير بحسب الطلب والتوفر والموسم والتكاليف التشغيلية. السعر النهائي هو المعتمد في العرض.,false,true
Q086,payment,booking,ar,ما طرق الدفع؟,تُعرض وسائل الدفع المعتمدة عند إصدار العرض أو التذكرة للخدمات العامة. أما قيمة عقود نقل الحجاج فتُدفع عن طريق المسار الإلكتروني، وليس مباشرة إلى شركة النقل.,ما طرق الدفع؟,تُعرض وسائل الدفع المعتمدة عند إصدار العرض أو التذكرة للخدمات العامة. أما قيمة عقود نقل الحجاج فتُدفع عن طريق المسار الإلكتروني، وليس مباشرة إلى شركة النقل.,false,true
Q087,payment,booking,ar,هل تقبلون الدفع الإلكتروني؟,يتوفر الدفع الإلكتروني للخدمات المرتبطة بقنوات دفع معتمدة. وبالنسبة لعقود نقل الحجاج، يتم السداد حصراً من خلال المسار الإلكتروني وفق الإجراءات المعتمدة.,هل تقبلون الدفع الإلكتروني؟,يتوفر الدفع الإلكتروني للخدمات المرتبطة بقنوات دفع معتمدة. وبالنسبة لعقود نقل الحجاج، يتم السداد حصراً من خلال المسار الإلكتروني وفق الإجراءات المعتمدة.,false,false
Q088,invoicing,booking,ar,هل تصدرون فواتير للشركات؟,نعم، تصدر الفواتير وفق البيانات النظامية والعقد أو الخدمة. يرجى تزويدنا باسم المنشأة ورقمها الضريبي وعنوانها الوطني عند الحاجة.,هل تصدرون فواتير للشركات؟,نعم، تصدر الفواتير وفق البيانات النظامية والعقد أو الخدمة. يرجى تزويدنا باسم المنشأة ورقمها الضريبي وعنوانها الوطني عند الحاجة.,false,false
Q089,booking,booking,ar,هل يمكن حجز حافلة خاصة؟,نعم، للأفراد والمجموعات والجهات حسب التوفر.,هل يمكن حجز حافلة خاصة؟,نعم، للأفراد والمجموعات والجهات حسب التوفر.,false,false
Q090,modification,booking,ar,هل يمكن تعديل الحجز؟,يمكن طلب التعديل، ويخضع للتوفر وشروط العرض والتذكرة وأي فرق في السعر أو رسوم.,هل يمكن تعديل الحجز؟,يمكن طلب التعديل، ويخضع للتوفر وشروط العرض والتذكرة وأي فرق في السعر أو رسوم.,false,true
Q091,cancellation,booking,ar,ما سياسة الإلغاء والاسترداد؟,تختلف بحسب نوع الخدمة وموعد الإلغاء والعقد. يجب عرض السياسة المرتبطة بالحجز نفسه قبل الدفع، ولا يقدم البوت نسبة ثابتة غير معتمدة.,ما سياسة الإلغاء والاسترداد؟,تختلف بحسب نوع الخدمة وموعد الإلغاء والعقد. يجب عرض السياسة المرتبطة بالحجز نفسه قبل الدفع، ولا يقدم البوت نسبة ثابتة غير معتمدة.,false,true
Q092,pricing,booking,ar,هل السعر يشمل الضريبة؟,يوضح عرض السعر أو التذكرة ما إذا كانت ضريبة القيمة المضافة مشمولة أو مضافة وفق الأنظمة.,هل السعر يشمل الضريبة؟,يوضح عرض السعر أو التذكرة ما إذا كانت ضريبة القيمة المضافة مشمولة أو مضافة وفق الأنظمة.,false,true
Q093,booking,booking,ar,متى يصبح الحجز مؤكداً؟,بعد إصدار تأكيد رسمي واستكمال الدفعة أو التعميد والمتطلبات المحددة. رقم الطلب وحده لا يعني دائماً تأكيد الحجز.,متى يصبح الحجز مؤكداً؟,بعد إصدار تأكيد رسمي واستكمال الدفعة أو التعميد والمتطلبات المحددة. رقم الطلب وحده لا يعني دائماً تأكيد الحجز.,false,false
Q094,escalate_human,booking,ar,أريد التحدث مع موظف المبيعات,بكل سرور. أرسل الاسم والجهة ورقم الجوال ونوع الخدمة وملخص الطلب، وسنحوله لفريق المبيعات.,أريد التحدث مع موظف المبيعات,بكل سرور. أرسل الاسم والجهة ورقم الجوال ونوع الخدمة وملخص الطلب، وسنحوله لفريق المبيعات.,true,false
Q095,whatsapp,booking,ar,هل يمكن التواصل معي على واتساب؟,نعم. رقم واتساب الشركة المستخدم للتواصل هو +966 55 661 6713، ويجب مراجعته إدارياً قبل إطلاق البوت.,هل يمكن التواصل معي على واتساب؟,نعم. رقم واتساب الشركة المستخدم للتواصل هو +966 55 661 6713، ويجب مراجعته إدارياً قبل إطلاق البوت.,false,true
Q096,location,booking,ar,كيف أرسل موقعي؟,أرسل رابط الموقع من تطبيق الخرائط أو شارك دبوس الموقع عبر واتساب، مع كتابة اسم نقطة الانطلاق أو الوصول.,كيف أرسل موقعي؟,أرسل رابط الموقع من تطبيق الخرائط أو شارك دبوس الموقع عبر واتساب، مع كتابة اسم نقطة الانطلاق أو الوصول.,false,false
Q097,follow_up,booking,ar,كيف أتابع طلب عرض السعر؟,أدخل رقم الطلب ورقم الجوال المسجل. إن لم يتوفر رقم طلب، أرسل اسم الجهة وتاريخ التقديم لتحويل الاستعلام للمبيعات.,كيف أتابع طلب عرض السعر؟,أدخل رقم الطلب ورقم الجوال المسجل. إن لم يتوفر رقم طلب، أرسل اسم الجهة وتاريخ التقديم لتحويل الاستعلام للمبيعات.,false,false
Q098,baggage,baggage,ar,ما الوزن المسموح للأمتعة؟,يختلف حسب المسار والتذكرة ونوع الحافلة. يجب عرض الوزن من سياسة الحجز الحالية قبل الدفع.,ما الوزن المسموح للأمتعة؟,يختلف حسب المسار والتذكرة ونوع الحافلة. يجب عرض الوزن من سياسة الحجز الحالية قبل الدفع.,false,true
Q099,baggage,baggage,ar,هل توجد قيود على عدد أو حجم الحقائب؟,نعم، بحسب سعة مخزن الأمتعة وسياسة المسار. لا تُقبل حقيبة تعيق السلامة أو تتجاوز الحدود المعتمدة.,هل توجد قيود على عدد أو حجم الحقائب؟,نعم، بحسب سعة مخزن الأمتعة وسياسة المسار. لا تُقبل حقيبة تعيق السلامة أو تتجاوز الحدود المعتمدة.,false,false
Q100,baggage,baggage,ar,هل يمكن نقل أمتعة زائدة؟,قد تُقبل حسب السعة وبعد الإفصاح عنها، وقد تطبق رسوم. يجب الحصول على موافقة قبل السفر.,هل يمكن نقل أمتعة زائدة؟,قد تُقبل حسب السعة وبعد الإفصاح عنها، وقد تطبق رسوم. يجب الحصول على موافقة قبل السفر.,false,true
Q101,prohibited,baggage,ar,هل تنقلون طروداً أو شحنات؟,حافلات الركاب ليست خدمة شحن. لا تُقبل الطرود غير المصاحبة إلا إذا كانت هناك خدمة وسياسة رسمية تسمح بذلك.,هل تنقلون طروداً أو شحنات؟,حافلات الركاب ليست خدمة شحن. لا تُقبل الطرود غير المصاحبة إلا إذا كانت هناك خدمة وسياسة رسمية تسمح بذلك.,false,false
Q102,lost_items,baggage,ar,ماذا أفعل عند فقدان أو تلف الأمتعة؟,أبلغ فوراً مع رقم الرحلة والتذكرة ووصف الحقيبة وصورتها إن وجدت وبيانات التواصل. يسجل البوت بلاغاً ولا يعد بتعويض قبل التحقيق وتطبيق السياسة.,ماذا أفعل عند فقدان أو تلف الأمتعة؟,أبلغ فوراً مع رقم الرحلة والتذكرة ووصف الحقيبة وصورتها إن وجدت وبيانات التواصل. يسجل البوت بلاغاً ولا يعد بتعويض قبل التحقيق وتطبيق السياسة.,false,false
Q103,rules,baggage,ar,هل يسمح بالطعام والشراب؟,يُسمح بما لا يسبب خطراً أو روائح أو اتساخاً، مع الالتزام بتعليمات السائق وسياسة الرحلة. قد تطبق قيود على بعض الخدمات.,هل يسمح بالطعام والشراب؟,يُسمح بما لا يسبب خطراً أو روائح أو اتساخاً، مع الالتزام بتعليمات السائق وسياسة الرحلة. قد تطبق قيود على بعض الخدمات.,false,false
Q104,rules,baggage,ar,هل يسمح بالتدخين؟,لا، التدخين ممنوع داخل الحافلات، ويشمل السجائر الإلكترونية.,هل يسمح بالتدخين؟,لا، التدخين ممنوع داخل الحافلات، ويشمل السجائر الإلكترونية.,false,false
Q105,children,baggage,ar,هل يسمح للأطفال والرضع بالسفر؟,نعم مع ولي أمر أو مرافق مسؤول وبحسب وثائق ومتطلبات المسار. يجب الإفصاح عن العمر عند الحجز.,هل يسمح للأطفال والرضع بالسفر؟,نعم مع ولي أمر أو مرافق مسؤول وبحسب وثائق ومتطلبات المسار. يجب الإفصاح عن العمر عند الحجز.,false,false
Q106,pricing,baggage,ar,كيف تحسب أجرة الأطفال والرضع؟,تحددها سياسة التذكرة والمسار، ويجب إظهار السعر المعتمد في نظام الحجز دون افتراض خصم ثابت.,كيف تحسب أجرة الأطفال والرضع؟,تحددها سياسة التذكرة والمسار، ويجب إظهار السعر المعتمد في نظام الحجز دون افتراض خصم ثابت.,false,true
Q107,rules,baggage,ar,هل يسمح بالحيوانات؟,تخضع لسياسة الخدمة والأنظمة ومتطلبات السلامة، ويجب طلب الموافقة مسبقاً. حيوانات الخدمة تُراجع حالتها بشكل منفصل.,هل يسمح بالحيوانات؟,تخضع لسياسة الخدمة والأنظمة ومتطلبات السلامة، ويجب طلب الموافقة مسبقاً. حيوانات الخدمة تُراجع حالتها بشكل منفصل.,false,true
Q108,safety,baggage,ar,ما الأشياء الممنوعة؟,المواد الخطرة أو القابلة للاشتعال والأسلحة والمواد المحظورة نظاماً وأي مواد تهدد سلامة الركاب. عند الشك، يحوّل البوت الطلب لموظف مختص.,ما الأشياء الممنوعة؟,المواد الخطرة أو القابلة للاشتعال والأسلحة والمواد المحظورة نظاماً وأي مواد تهدد سلامة الركاب. عند الشك، يحوّل البوت الطلب لموظف مختص.,true,false
Q109,safety,safety,ar,ما معايير السلامة لديكم؟,نطبق فحوصاً وصيانة دورية وإجراءات تشغيل ومتابعة للسائقين والحافلات وخطط استجابة للأعطال والطوارئ وفق المتطلبات النظامية.,ما معايير السلامة لديكم؟,نطبق فحوصاً وصيانة دورية وإجراءات تشغيل ومتابعة للسائقين والحافلات وخطط استجابة للأعطال والطوارئ وفق المتطلبات النظامية.,false,false
Q110,compliance,safety,ar,ما التراخيص والشهادات التي تمتلكها الشركة؟,تزود الإدارة البوت بالقائمة الرسمية السارية. لا ينبغي ذكر اسم ترخيص أو شهادة أو تاريخ صلاحية دون الرجوع للمصدر المعتمد.,ما التراخيص والشهادات التي تمتلكها الشركة؟,تزود الإدارة البوت بالقائمة الرسمية السارية. لا ينبغي ذكر اسم ترخيص أو شهادة أو تاريخ صلاحية دون الرجوع للمصدر المعتمد.,false,true
Q111,drivers,safety,ar,هل السائقون مرخصون؟,يُكلَّف بالخدمة سائقون مستوفون للمتطلبات المهنية والنظامية ذات الصلة بالمركبة والخدمة.,هل السائقون مرخصون؟,يُكلَّف بالخدمة سائقون مستوفون للمتطلبات المهنية والنظامية ذات الصلة بالمركبة والخدمة.,false,false
Q112,drivers,safety,ar,كيف تختارون السائقين وتدربونهم؟,وفق متطلبات الرخصة والخبرة والفحص والتقييم، مع توجيه وتدريب على السلامة والمسارات وإجراءات التشغيل وخدمة الركاب.,كيف تختارون السائقين وتدربونهم؟,وفق متطلبات الرخصة والخبرة والفحص والتقييم، مع توجيه وتدريب على السلامة والمسارات وإجراءات التشغيل وخدمة الركاب.,false,false
Q113,drivers,safety,ar,هل يخضع السائقون لتدريب دوري؟,تطبق الشركة برامج متابعة وتوعية وتدريب وفق خطط التشغيل والسلامة.,هل يخضع السائقون لتدريب دوري؟,تطبق الشركة برامج متابعة وتوعية وتدريب وفق خطط التشغيل والسلامة.,false,false
Q114,maintenance,safety,ar,كيف تتم صيانة الحافلات؟,عبر صيانة وقائية وفحوص قبل التشغيل ومعالجة البلاغات وفرق فنية وورش متنقلة عند الحاجة.,كيف تتم صيانة الحافلات؟,عبر صيانة وقائية وفحوص قبل التشغيل ومعالجة البلاغات وفرق فنية وورش متنقلة عند الحاجة.,false,false
Q115,emergency,safety,ar,ماذا يحدث عند عطل أثناء الرحلة؟,يؤمّن السائق موقع التوقف ويبلغ العمليات، ثم تُقيَّم الحالة ويوجه الدعم أو الورشة المتنقلة أو الحافلة البديلة حسب الحاجة.,ماذا يحدث عند عطل أثناء الرحلة؟,يؤمّن السائق موقع التوقف ويبلغ العمليات، ثم تُقيَّم الحالة ويوجه الدعم أو الورشة المتنقلة أو الحافلة البديلة حسب الحاجة.,false,false
Q116,emergency,safety,ar,هل تتوفر حافلات بديلة؟,تعمل الشركة على توفير بديل عند الحاجة بحسب موقع الرحلة والتوفر ونطاق العقد.,هل تتوفر حافلات بديلة؟,تعمل الشركة على توفير بديل عند الحاجة بحسب موقع الرحلة والتوفر ونطاق العقد.,false,true
Q117,critical_emergency,safety,ar,ماذا أفعل في حالة طارئة؟,إذا كان هناك خطر فوري اتصل بخدمات الطوارئ 911 أو الرقم المناسب للمنطقة أولاً، ثم أبلغ السائق ومركز العمليات وشارك موقعك ورقم الحافلة.,ماذا أفعل في حالة طارئة؟,إذا كان هناك خطر فوري اتصل بخدمات الطوارئ 911 أو الرقم المناسب للمنطقة أولاً، ثم أبلغ السائق ومركز العمليات وشارك موقعك ورقم الحافلة.,true,false
Q118,safety,safety,ar,كيف تراقبون أداء السائقين؟,من خلال الإشراف التشغيلي وبيانات الرحلات والتتبع والبلاغات ومؤشرات الأداء وفق الأنظمة والصلاحيات.,كيف تراقبون أداء السائقين؟,من خلال الإشراف التشغيلي وبيانات الرحلات والتتبع والبلاغات ومؤشرات الأداء وفق الأنظمة والصلاحيات.,false,false
Q119,live_delay,safety,ar,الحافلة متأخرة، ماذا أفعل؟,أرسل رقم الحجز أو الرحلة وموقع الانتظار ورقم الجوال. يتحقق البوت من الحالة الحية أو يصعدها فوراً للعمليات.,الحافلة متأخرة، ماذا أفعل؟,أرسل رقم الحجز أو الرحلة وموقع الانتظار ورقم الجوال. يتحقق البوت من الحالة الحية أو يصعدها فوراً للعمليات.,true,false
Q120,escalate,safety,ar,الحافلة لم تصل,أرسل رقم الرحلة والموقع ووقت الانطلاق. إذا تعذر التحقق آلياً، يُحوَّل البلاغ كأولوية عالية لمركز العمليات.,الحافلة لم تصل,أرسل رقم الرحلة والموقع ووقت الانطلاق. إذا تعذر التحقق آلياً، يُحوَّل البلاغ كأولوية عالية لمركز العمليات.,true,false
Q121,safety_report,safety,ar,أريد الإبلاغ عن قيادة غير آمنة,أرسل رقم الحافلة والوقت والموقع ووصف الواقعة بأمان دون تشتيت السائق. يسجل البلاغ كأولوية سلامة ويرسل للمشرف فوراً.,أريد الإبلاغ عن قيادة غير آمنة,أرسل رقم الحافلة والوقت والموقع ووصف الواقعة بأمان دون تشتيت السائق. يسجل البلاغ كأولوية سلامة ويرسل للمشرف فوراً.,true,false
Q122,accident,safety,ar,تعرضنا لحادث,اتصل بالطوارئ فوراً، ابتعد عن الخطر إن أمكن، واتبع تعليمات الجهات المختصة. بعد ذلك شارك الموقع ورقم الحافلة وعدد المصابين مع مركز العمليات.,تعرضنا لحادث,اتصل بالطوارئ فوراً، ابتعد عن الخطر إن أمكن، واتبع تعليمات الجهات المختصة. بعد ذلك شارك الموقع ورقم الحافلة وعدد المصابين مع مركز العمليات.,true,false
Q123,city,cities,ar,هل تقدمون النقل داخل الرياض؟,يمكن توفير خدمات تعاقدية وخاصة في الرياض وفق التوفر ونطاق الطلب.,هل تقدمون النقل داخل الرياض؟,يمكن توفير خدمات تعاقدية وخاصة في الرياض وفق التوفر ونطاق الطلب.,false,true
Q124,city,cities,ar,هل تقدمون النقل داخل جدة؟,نعم، تشمل الخدمات في جدة نقل المجموعات والشركات والمطارات والرحلات الخاصة وفق التوفر.,هل تقدمون النقل داخل جدة؟,نعم، تشمل الخدمات في جدة نقل المجموعات والشركات والمطارات والرحلات الخاصة وفق التوفر.,false,false
Q125,city,cities,ar,هل تقدمون النقل داخل الدمام؟,يمكن توفير الخدمة في الدمام والمنطقة الشرقية حسب نوع الطلب والتوفر.,هل تقدمون النقل داخل الدمام؟,يمكن توفير الخدمة في الدمام والمنطقة الشرقية حسب نوع الطلب والتوفر.,false,true
Q126,intercity,cities,ar,هل توفرون رحلات بين المدن؟,نعم، للحافلات الخاصة والمجموعات وفق الحجز المسبق والتصاريح.,هل توفرون رحلات بين المدن؟,نعم، للحافلات الخاصة والمجموعات وفق الحجز المسبق والتصاريح.,false,false
Q127,intercity,cities,ar,هل تخدمون خط مكة والمدينة؟,نعم، تتوفر خدمات خاصة للمجموعات بين المدينتين حسب الحجز.,هل تخدمون خط مكة والمدينة؟,نعم، تتوفر خدمات خاصة للمجموعات بين المدينتين حسب الحجز.,false,false
Q128,booking,cities,ar,هل يمكن طلب رحلة خاصة بين أي مدينتين؟,يمكن تقديم الطلب، ثم يراجع الفريق المسار والتصاريح والمسافة وتوفر الحافلة والسائق.,هل يمكن طلب رحلة خاصة بين أي مدينتين؟,يمكن تقديم الطلب، ثم يراجع الفريق المسار والتصاريح والمسافة وتوفر الحافلة والسائق.,false,true
Q129,airports,cities,ar,هل توفرون النقل من وإلى المطارات؟,نعم، مع ضرورة تزويدنا برقم الرحلة ووقت الوصول أو المغادرة والمطار والصالة وعدد الركاب والأمتعة.,هل توفرون النقل من وإلى المطارات؟,نعم، مع ضرورة تزويدنا برقم الرحلة ووقت الوصول أو المغادرة والمطار والصالة وعدد الركاب والأمتعة.,false,false
Q130,airports,cities,ar,هل تتابعون تأخر رحلة الطيران؟,يمكن تنسيق المتابعة إذا زودتنا برقم الرحلة، لكن وقت الانتظار وأي رسوم إضافية يخضعان لشروط العرض.,هل تتابعون تأخر رحلة الطيران؟,يمكن تنسيق المتابعة إذا زودتنا برقم الرحلة، لكن وقت الانتظار وأي رسوم إضافية يخضعان لشروط العرض.,false,true
Q131,airports,cities,ar,أين ألتقي السائق في المطار؟,تحدد نقطة الالتقاء في تأكيد الحجز بحسب المطار والصالة، ويرسل رقم المنسق أو السائق عند اعتماد الخدمة.,أين ألتقي السائق في المطار؟,تحدد نقطة الالتقاء في تأكيد الحجز بحسب المطار والصالة، ويرسل رقم المنسق أو السائق عند اعتماد الخدمة.,false,false
Q132,hours,support,ar,ما ساعات عمل خدمة العملاء؟,تُحدَّث ساعات العمل من الإدارة. أما بلاغات الرحلات الجارية والطوارئ فتُوجَّه إلى قناة العمليات المحددة في الحجز.,ما ساعات عمل خدمة العملاء؟,تُحدَّث ساعات العمل من الإدارة. أما بلاغات الرحلات الجارية والطوارئ فتُوجَّه إلى قناة العمليات المحددة في الحجز.,false,true
Q133,contact,support,ar,كيف أتواصل معكم؟,يمكنك التواصل معنا عن طريق البريد الإلكتروني: [يُضاف البريد الإلكتروني الرسمي]، أو عن طريق الواتساب على الرقم +966 55 661 6713.,كيف أتواصل معكم؟,يمكنك التواصل معنا عن طريق البريد الإلكتروني: [يُضاف البريد الإلكتروني الرسمي]، أو عن طريق الواتساب على الرقم +966 55 661 6713.,false,true
Q134,whatsapp,support,ar,هل لديكم واتساب؟,نعم، الرقم المتداول لخدمة التواصل هو +966 55 661 6713، مع ضرورة ربطه بالقناة الرسمية والتحقق منه قبل النشر.,هل لديكم واتساب؟,نعم، الرقم المتداول لخدمة التواصل هو +966 55 661 6713، مع ضرورة ربطه بالقناة الرسمية والتحقق منه قبل النشر.,false,true
Q135,languages,support,ar,ما اللغات المتاحة؟,يجيب البوت بالعربية والإنجليزية، ويمكن إضافة الفرنسية ولغات أخرى. أما لغات الموظفين فتُحدَّد وفق جدول خدمة العملاء.,ما اللغات المتاحة؟,يجيب البوت بالعربية والإنجليزية، ويمكن إضافة الفرنسية ولغات أخرى. أما لغات الموظفين فتُحدَّد وفق جدول خدمة العملاء.,false,false
Q136,branches,support,ar,أين مكاتب التذاكر والمحطات؟,تُعرض المواقع من قاعدة بيانات محدثة بحسب المدينة. اختر مدينتك ليعرض البوت العنوان وساعات العمل ورابط الخريطة.,أين مكاتب التذاكر والمحطات؟,تُعرض المواقع من قاعدة بيانات محدثة بحسب المدينة. اختر مدينتك ليعرض البوت العنوان وساعات العمل ورابط الخريطة.,false,true
Q137,complaint,support,ar,كيف أقدم شكوى؟,أرسل الاسم ورقم الجوال ورقم الرحلة أو الحجز وتاريخ الواقعة ووصفها والمرفقات المطلوبة. يصدر البوت رقم بلاغ ويبين زمن الاستجابة.,كيف أقدم شكوى؟,أرسل الاسم ورقم الجوال ورقم الرحلة أو الحجز وتاريخ الواقعة ووصفها والمرفقات المطلوبة. يصدر البوت رقم بلاغ ويبين زمن الاستجابة.,false,false
Q138,sla,support,ar,كم يستغرق الرد؟,يعتمد على نوع الطلب. يجب أن يعرض البوت مستوى الخدمة المعتمد لكل فئة ويصعد الحالات الحرجة فوراً.,كم يستغرق الرد؟,يعتمد على نوع الطلب. يجب أن يعرض البوت مستوى الخدمة المعتمد لكل فئة ويصعد الحالات الحرجة فوراً.,false,true
Q139,handoff,support,ar,كيف أرتب نقل بعثة حج؟,أرسل بيانات البعثة والمسؤول وعدد الحجاج والبرنامج والمسارات والخدمات المطلوبة. سيتواصل فريق الحج للتفاوض على الأسعار والخدمات، وبعد التوافق يُوقَّع العقد ويُسجَّل في المسار الإلكتروني، ويتم السداد من خلال المسار.,كيف أرتب نقل بعثة حج؟,أرسل بيانات البعثة والمسؤول وعدد الحجاج والبرنامج والمسارات والخدمات المطلوبة. سيتواصل فريق الحج للتفاوض على الأسعار والخدمات، وبعد التوافق يُوقَّع العقد ويُسجَّل في المسار الإلكتروني، ويتم السداد من خلال المسار.,false,false
Q140,handoff,support,ar,كيف أحصل على عقد نقل موظفين؟,أرسل بيانات الجهة والمدينة والأعداد والورديات والمسارات والمدة، وسيحوّل الطلب لفريق المبيعات والعقود.,كيف أحصل على عقد نقل موظفين؟,أرسل بيانات الجهة والمدينة والأعداد والورديات والمسارات والمدة، وسيحوّل الطلب لفريق المبيعات والعقود.,false,false
Q141,lost_items,support,ar,فقدت غرضاً داخل الحافلة,أرسل رقم الرحلة أو الحافلة والتاريخ والوقت والمقعد ووصف الغرض وصورة إن وجدت. سيصدر بلاغ مفقودات للمتابعة.,فقدت غرضاً داخل الحافلة,أرسل رقم الرحلة أو الحافلة والتاريخ والوقت والمقعد ووصف الغرض وصورة إن وجدت. سيصدر بلاغ مفقودات للمتابعة.,false,false
Q142,lost_items,support,ar,وجدت غرضاً داخل الحافلة,سلّمه للسائق أو المشرف دون فتحه، واذكر رقم الحافلة والموقع. يسجل البوت بلاغ موجودات.,وجدت غرضاً داخل الحافلة,سلّمه للسائق أو المشرف دون فتحه، واذكر رقم الحافلة والموقع. يسجل البوت بلاغ موجودات.,false,false
Q143,follow_up,support,ar,كيف أتابع شكوى؟,أدخل رقم البلاغ ورقم الجوال المسجل. يعرض البوت الحالة أو يحولها للموظف المختص.,كيف أتابع شكوى؟,أدخل رقم البلاغ ورقم الجوال المسجل. يعرض البوت الحالة أو يحولها للموظف المختص.,false,false
Q144,escalate,support,ar,أريد تصعيد الشكوى,يمكن تصعيد البلاغ عند تجاوز زمن الاستجابة أو وجود جانب سلامة. أرسل رقم البلاغ وسبب التصعيد.,أريد تصعيد الشكوى,يمكن تصعيد البلاغ عند تجاوز زمن الاستجابة أو وجود جانب سلامة. أرسل رقم البلاغ وسبب التصعيد.,true,false
Q145,partnership,partnerships,ar,هل تتعاونون مع شركات السفر والسياحة؟,نعم، نرحب بالشراكات وبرامج النقل للمجموعات والوفود. نحتاج ملف الجهة ونطاق التعاون والأسواق المستهدفة.,هل تتعاونون مع شركات السفر والسياحة؟,نعم، نرحب بالشراكات وبرامج النقل للمجموعات والوفود. نحتاج ملف الجهة ونطاق التعاون والأسواق المستهدفة.,false,false
Q146,partnership,partnerships,ar,هل تتعاونون مع حملات الحج والعمرة؟,نعم، وفق التراخيص والقدرة التشغيلية. وبالنسبة لنقل الحجاج، يتم الاتفاق مع الجهة أو البعثة المسؤولة ثم توقيع العقد وتسجيله في المسار الإلكتروني.,هل تتعاونون مع حملات الحج والعمرة؟,نعم، وفق التراخيص والقدرة التشغيلية. وبالنسبة لنقل الحجاج، يتم الاتفاق مع الجهة أو البعثة المسؤولة ثم توقيع العقد وتسجيله في المسار الإلكتروني.,false,false
Q147,partnership,partnerships,ar,هل يمكن طلب شراكة؟,نعم. أرسل اسم الجهة والسجل أو الموقع واسم المسؤول ونوع الشراكة وحجم الأعمال المتوقع.,هل يمكن طلب شراكة؟,نعم. أرسل اسم الجهة والسجل أو الموقع واسم المسؤول ونوع الشراكة وحجم الأعمال المتوقع.,false,false
Q148,jobs,partnerships,ar,هل توظفون سائقين؟,تُعرض الوظائف الشاغرة فقط من قناة التوظيف الرسمية. يمكن تسجيل الاهتمام دون وعد بوجود شاغر.,هل توظفون سائقين؟,تُعرض الوظائف الشاغرة فقط من قناة التوظيف الرسمية. يمكن تسجيل الاهتمام دون وعد بوجود شاغر.,false,true
Q149,jobs,partnerships,ar,هل توجد وظائف في العمليات؟,تتغير الشواغر دورياً. اختر المجال وارفق السيرة الذاتية عبر قناة التوظيف المعتمدة.,هل توجد وظائف في العمليات؟,تتغير الشواغر دورياً. اختر المجال وارفق السيرة الذاتية عبر قناة التوظيف المعتمدة.,false,true
Q150,jobs,partnerships,ar,أين أقدم على الوظائف؟,من صفحة الوظائف أو البريد أو النموذج الرسمي الذي تعتمده الموارد البشرية. لا يطلب البوت رسوماً للتوظيف.,أين أقدم على الوظائف؟,من صفحة الوظائف أو البريد أو النموذج الرسمي الذي تعتمده الموارد البشرية. لا يطلب البوت رسوماً للتوظيف.,false,false
Q151,jobs,partnerships,ar,هل تقبلون الطلبات عبر الموقع؟,يمكن تفعيل نموذج توظيف على الموقع لرفع السيرة والموافقة على سياسة الخصوصية، ثم تحويلها للموارد البشرية.,هل تقبلون الطلبات عبر الموقع؟,يمكن تفعيل نموذج توظيف على الموقع لرفع السيرة والموافقة على سياسة الخصوصية، ثم تحويلها للموارد البشرية.,false,false
Q152,suppliers,partnerships,ar,هل توجد فرص للموردين؟,يمكن للمورد إرسال ملف الشركة والتصنيف والمنتجات وبيانات التواصل، ويحول الطلب للمشتريات دون ضمان التسجيل أو التعاقد.,هل توجد فرص للموردين؟,يمكن للمورد إرسال ملف الشركة والتصنيف والمنتجات وبيانات التواصل، ويحول الطلب للمشتريات دون ضمان التسجيل أو التعاقد.,false,false
Q153,privacy,privacy,ar,هل المحادثة مع البوت مسجلة؟,قد تُحفظ المحادثة لتحسين الخدمة ومتابعة الطلب وفق سياسة الخصوصية. يجب عرض إشعار واضح والحصول على الموافقات اللازمة.,هل المحادثة مع البوت مسجلة؟,قد تُحفظ المحادثة لتحسين الخدمة ومتابعة الطلب وفق سياسة الخصوصية. يجب عرض إشعار واضح والحصول على الموافقات اللازمة.,false,false
Q154,privacy,privacy,ar,ما البيانات التي يجمعها البوت؟,يجمع الحد الأدنى اللازم مثل الاسم ورقم التواصل وبيانات الرحلة والجهة والملاحظات، ولا يطلب كلمة المرور أو رمز التحقق البنكي.,ما البيانات التي يجمعها البوت؟,يجمع الحد الأدنى اللازم مثل الاسم ورقم التواصل وبيانات الرحلة والجهة والملاحظات، ولا يطلب كلمة المرور أو رمز التحقق البنكي.,false,false
Q155,security,privacy,ar,هل بيانات الدفع آمنة؟,يجب إدخال بيانات الدفع فقط في صفحة بوابة الدفع الرسمية والآمنة، وليس داخل نص المحادثة أو عبر موظف غير موثوق.,هل بيانات الدفع آمنة؟,يجب إدخال بيانات الدفع فقط في صفحة بوابة الدفع الرسمية والآمنة، وليس داخل نص المحادثة أو عبر موظف غير موثوق.,false,false
Q156,privacy,privacy,ar,هل يمكن حذف بياناتي؟,يمكن تقديم طلب متعلق بالخصوصية وفق سياسة الشركة والأنظمة، مع التحقق من الهوية قبل تنفيذ الطلب.,هل يمكن حذف بياناتي؟,يمكن تقديم طلب متعلق بالخصوصية وفق سياسة الشركة والأنظمة، مع التحقق من الهوية قبل تنفيذ الطلب.,false,false
Q157,disclaimer,privacy,ar,هل إجابة البوت تأكيد نهائي؟,لا. الأسعار والمواعيد والتوفر والسياسات المتغيرة لا تصبح نهائية إلا بتأكيد رسمي أو عقد أو تذكرة صادرة.,هل إجابة البوت تأكيد نهائي؟,لا. الأسعار والمواعيد والتوفر والسياسات المتغيرة لا تصبح نهائية إلا بتأكيد رسمي أو عقد أو تذكرة صادرة.,false,false
Q158,escalate_human,privacy,ar,أريد موظفاً بشرياً,سأحوّل المحادثة. أرسل الاسم ورقم الجوال وموضوع الطلب والوقت المناسب للتواصل.,أريد موظفاً بشرياً,سأحوّل المحادثة. أرسل الاسم ورقم الجوال وموضوع الطلب والوقت المناسب للتواصل.,true,false
Q159,recovery,privacy,ar,البوت لم يفهم سؤالي,أعد صياغة الطلب أو اختر: حجز، عرض سعر، متابعة رحلة، شكوى، مفقودات، توظيف، أو التحدث مع موظف.,البوت لم يفهم سؤالي,أعد صياغة الطلب أو اختر: حجز، عرض سعر، متابعة رحلة، شكوى، مفقودات، توظيف، أو التحدث مع موظف.,false,false
Q160,attachments,privacy,ar,هل يمكنني إرسال مستند أو صورة؟,نعم إذا كانت القناة تدعم ذلك، لكن لا ترسل بيانات بنكية كاملة أو رموز تحقق. تُستخدم المرفقات لمعالجة الطلب فقط وفق السياسة.,هل يمكنني إرسال مستند أو صورة؟,نعم إذا كانت القناة تدعم ذلك، لكن لا ترسل بيانات بنكية كاملة أو رموز تحقق. تُستخدم المرفقات لمعالجة الطلب فقط وفق السياسة.,false,false
